{
  "total_parallel_time": 393.08772015571594,
  "individual_training_times": {
    "hilbert_schmidt": 391.99358797073364,
    "pre_determine_inner": 392.13717007637024,
    "log_likelihood_macro": 392.89795875549316
  },
  "configuration": {
    "run_id": 15,
    "depth": 4,
    "type_ansatz": "EfficientSU2",
    "optimizer_name": "COBYLA",
    "maxiter": 2000,
    "warmup_iterations": 200,
    "n_samples": 150,
    "test_size": 50
  },
  "timestamp": "2026-01-28 11:17:14"
}