{
  "total_parallel_time": 206.29156398773193,
  "individual_training_times": {
    "pre_determine_inner": 156.77758622169495,
    "log_likelihood_macro": 191.68679976463318,
    "hilbert_schmidt": 205.93444442749023
  },
  "configuration": {
    "run_id": 11,
    "depth": 1,
    "type_ansatz": "EfficientSU2",
    "optimizer_name": "COBYLA",
    "maxiter": 2000,
    "warmup_iterations": 200,
    "n_samples": 150,
    "test_size": 50
  },
  "timestamp": "2026-01-28 10:52:50"
}