{
  "total_parallel_time": 199.68549966812134,
  "individual_training_times": {
    "pre_determine_inner": 122.15785837173462,
    "log_likelihood_macro": 184.75765681266785,
    "hilbert_schmidt": 199.47496032714844
  },
  "configuration": {
    "run_id": 13,
    "depth": 1,
    "type_ansatz": "EfficientSU2",
    "optimizer_name": "COBYLA",
    "maxiter": 2000,
    "warmup_iterations": 200,
    "n_samples": 150,
    "test_size": 50
  },
  "timestamp": "2026-01-28 10:52:49"
}