{
  "total_parallel_time": 199.47252130508423,
  "individual_training_times": {
    "pre_determine_inner": 28.674299240112305,
    "log_likelihood_macro": 170.59390234947205,
    "hilbert_schmidt": 199.25888204574585
  },
  "configuration": {
    "run_id": 10,
    "depth": 1,
    "type_ansatz": "EfficientSU2",
    "optimizer_name": "COBYLA",
    "maxiter": 2000,
    "warmup_iterations": 200,
    "n_samples": 150,
    "test_size": 50
  },
  "timestamp": "2026-01-28 10:51:17"
}