{
  "total_parallel_time": 393.34336256980896,
  "individual_training_times": {
    "hilbert_schmidt": 389.16293716430664,
    "pre_determine_inner": 390.48749566078186,
    "log_likelihood_macro": 393.10117626190186
  },
  "configuration": {
    "run_id": 11,
    "depth": 4,
    "type_ansatz": "EfficientSU2",
    "optimizer_name": "COBYLA",
    "maxiter": 2000,
    "warmup_iterations": 200,
    "n_samples": 150,
    "test_size": 50
  },
  "timestamp": "2026-01-29 14:47:41"
}