{
  "total_parallel_time": 215.95956182479858,
  "individual_training_times": {
    "log_likelihood_macro": 100.39132809638977,
    "pre_determine_inner": 123.56825590133667,
    "hilbert_schmidt": 215.40959978103638
  },
  "configuration": {
    "run_id": 10,
    "depth": 1,
    "type_ansatz": "EfficientSU2",
    "optimizer_name": "COBYLA",
    "maxiter": 2000,
    "warmup_iterations": 200,
    "n_samples": 150,
    "test_size": 50
  },
  "timestamp": "2026-01-28 10:25:39"
}