{
  "total_parallel_time": 210.04552793502808,
  "individual_training_times": {
    "hilbert_schmidt": 207.22785472869873,
    "pre_determine_inner": 208.82245445251465,
    "log_likelihood_macro": 209.79577898979187
  },
  "configuration": {
    "run_id": 16,
    "depth": 1,
    "type_ansatz": "EfficientSU2",
    "optimizer_name": "COBYLA",
    "maxiter": 2000,
    "warmup_iterations": 200,
    "n_samples": 150,
    "test_size": 50
  },
  "timestamp": "2026-01-28 10:25:33"
}