{
  "total_parallel_time": 212.38145089149475,
  "individual_training_times": {
    "pre_determine_inner": 48.004225730895996,
    "hilbert_schmidt": 209.59916043281555,
    "log_likelihood_macro": 212.12832880020142
  },
  "configuration": {
    "run_id": 15,
    "depth": 1,
    "type_ansatz": "EfficientSU2",
    "optimizer_name": "COBYLA",
    "maxiter": 2000,
    "warmup_iterations": 200,
    "n_samples": 150,
    "test_size": 50
  },
  "timestamp": "2026-01-28 10:25:35"
}