{
  "total_parallel_time": 391.68273282051086,
  "individual_training_times": {
    "log_likelihood_macro": 245.01266503334045,
    "hilbert_schmidt": 388.33718609809875,
    "pre_determine_inner": 391.42397904396057
  },
  "configuration": {
    "run_id": 18,
    "depth": 2,
    "type_ansatz": "EfficientSU2",
    "optimizer_name": "COBYLA",
    "maxiter": 2000,
    "warmup_iterations": 200,
    "n_samples": 200,
    "test_size": 100
  },
  "timestamp": "2026-01-28 11:29:34"
}