{
  "total_parallel_time": 245.03085827827454,
  "individual_training_times": {
    "pre_determine_inner": 59.331072092056274,
    "hilbert_schmidt": 166.44065976142883,
    "log_likelihood_macro": 244.69860529899597
  },
  "configuration": {
    "run_id": 2,
    "depth": 1,
    "type_ansatz": "EfficientSU2",
    "optimizer_name": "COBYLA",
    "maxiter": 2000,
    "warmup_iterations": 200,
    "n_samples": 200,
    "test_size": 100
  },
  "timestamp": "2026-01-28 11:17:24"
}