{
  "total_parallel_time": 423.24453043937683,
  "individual_training_times": {
    "hilbert_schmidt": 372.36197686195374,
    "pre_determine_inner": 419.93607473373413,
    "log_likelihood_macro": 422.83809518814087
  },
  "configuration": {
    "run_id": 20,
    "depth": 2,
    "type_ansatz": "EfficientSU2",
    "optimizer_name": "COBYLA",
    "maxiter": 2000,
    "warmup_iterations": 200,
    "n_samples": 200,
    "test_size": 100
  },
  "timestamp": "2026-01-28 11:30:37"
}